[{"alias":"juanito","correo":"jose@gmail.com","puntosTotales":0,"horasJugadas":0,"minutosJugados":0,"segundosJugados":0,"cantidadDePalabras":0},{"alias":"pao","correo":"paolita@gmail.com","puntosTotales":0,"horasJugadas":0,"minutosJugados":0,"segundosJugados":0,"cantidadDePalabras":0},{"alias":"angel","correo":"angel@gmail.com","puntosTotales":0,"horasJugadas":0,"minutosJugados":0,"segundosJugados":0,"cantidadDePalabras":0},{"alias":"maria paula","correo":"mariapaulita@gmail.com","puntosTotales":0,"horasJugadas":0,"minutosJugados":0,"segundosJugados":0,"cantidadDePalabras":0},{"alias":"jose","correo":"josee@gmail.com","puntosTotales":0,"horasJugadas":0,"minutosJugados":0,"segundosJugados":0,"cantidadDePalabras":0},{"alias":"paola","correo":"paolaaa@gmail.com","puntosTotales":0,"horasJugadas":0,"minutosJugados":0,"segundosJugados":0,"cantidadDePalabras":0}]